"","ids","mzs","RTs","Int"
"FT0191","FT0191",132.101715127881,84.4785868375719,21026821316.8738
"FT0144","FT0144",118.08614107588,51.7017854877516,11915770596.168
"FT0293","FT0293",166.086093706007,167.633520954577,8465853106.80344
"FT0242","FT0242",150.058193581641,58.0193399248096,4172716565.02947
"FT0135","FT0135",116.070595800696,45.6646382097806,2939500717.34919
"FT0058","FT0058",86.096369540784,83.8957664552154,2175041899.44755
"FT0343","FT0343",182.081082331813,65.8719890902875,1225085245.91215
"FT0153","FT0153",120.080677612403,139.975458092823,1080523647.69331
"FT0289","FT0289",164.984398560041,612.508869049373,1061185856.42223
"FT0182","FT0182",130.049793938506,63.4507129624592,1022275586.76272
"FT0297","FT0297",167.089066134088,139.67445738977,1011381093.68464
"FT0287","FT0287",164.9843462015,765.552033357857,1006257266.1129
"FT0465","FT0465",235.11882339798,61.6356766775807,1002283538.14319
"FT0230","FT0230",147.112652204111,40.2434184993545,921417443.077326
"FT0675","FT0675",327.68210321014,164.217936158507,911182707.532868
"FT0122","FT0122",113.034541056929,60.3047216425529,777897646.344486
"FT0348","FT0348",183.610423791992,196.921332051525,758384670.722422
"FT0164","FT0164",124.03921384055,55.3120228396246,700831633.702967
"FT0484","FT0484",242.284111752478,608.070723311587,682079597.922368
"FT0163","FT0163",123.055186987657,51.1018492911354,647944375.391481
"FT0285","FT0285",163.976585597528,780.810141287763,478338326.642348
"FT0382","FT0382",197.128323683206,284.275246980065,463537933.358826
"FT0517","FT0517",254.160964776036,109.407591303891,742505385.050022
"FT0409","FT0409",211.143954752719,340.007517875177,345184816.110677
"FT0493","FT0493",245.128344058509,366.622407770933,332928361.377247
"FT0537","FT0537",263.17338852964,220.105843094647,327903325.787076
"FT0070","FT0070",89.1072885406579,36.3094760492733,324899359.768945
"FT0597","FT0597",288.67871766258,365.7127343882,318208299.239505
"FT0678","FT0678",328.183220192868,163.911271906638,310553000.704845
"FT0147","FT0147",119.089200496273,51.7017854877516,527245030.326669
"FT0094","FT0094",101.096081931217,706.842603363851,285876583.513857
"FT0304","FT0304",169.096803796359,145.809722994085,276560818.232931
"FT0246","FT0246",151.060880486399,57.4174665872994,253258809.246843
"FT0378","FT0378",196.002750114439,779.024748951915,243839386.369403
"FT0255","FT0255",154.08365622449,85.3791147618528,228896351.765405
"FT0514","FT0514",251.150435628265,111.314096472237,214238219.519295
"FT0524","FT0524",259.245173504582,669.385079522464,201156029.934528
"FT0074","FT0074",90.976653399023,39.0322169058874,346081859.431347
"FT0137","FT0137",116.985958203302,33.5870893623898,193746557.377012
"FT0487","FT0487",243.15770385283,83.5781383677511,325995582.808976
"FT0022","FT0022",69.0448673229683,751.116313013155,180322086.580036
"FT0100","FT0100",103.075328136792,384.684511575238,171724471.436865
"FT0531","FT0531",261.123512828986,264.044473021058,168082276.177616
"FT0874","FT0874",439.291211860983,385.38759081853,165861973.151845
"FT0570","FT0570",275.155144330941,165.450906706315,162559036.699387
"FT0192","FT0192",133.034470975239,760.891688039853,160016168.001003
"FT0014","FT0014",60.0810965964807,686.948106943955,158604363.963218
"FT0349","FT0349",184.111980596302,196.921332051525,155769374.573224
"FT0046","FT0046",80.0494721031103,766.198904887912,150651435.275334
"FT0470","FT0470",236.149880102865,84.7789117490209,149072394.753942
"FT0199","FT0199",134.106266268258,84.7789117490209,148706160.652102
"FT0096","FT0096",102.099350651525,750.093786467512,147811799.507189
"FT0195","FT0195",133.098895016856,84.7789117490209,142093662.51128
"FT0376","FT0376",195.101543343512,534.34801870533,140374674.293709
"FT0034","FT0034",72.0808256444272,51.8517422396051,1550250682.90258
"FT0492","FT0492",245.076758362878,62.5414449272187,790638148.015563
"FT0092","FT0092",101.096089967724,399.801628480609,121630910.87072
"FT0527","FT0527",260.150042108836,259.404009960527,120860711.591708
"FT0138","FT0138",117.09097951484,443.008769476702,119823381.408724
"FT0360","FT0360",188.067968236079,139.975458092823,200469408.371033
"FT0391","FT0391",201.123254963094,182.471374971991,115049572.666679
"FT0486","FT0486",243.287399665122,607.887494977043,113890604.263052
"FT0483","FT0483",242.284128045853,739.579415619319,113642278.044211
"FT0036","FT0036",74.0681560096957,753.890831985257,113590931.047706
"FT0002","FT0002",55.0546319726567,762.640013809139,112398112.723541
"FT0449","FT0449",228.134237403735,207.804979895317,110108638.104731
"FT0260","FT0260",155.081360938106,93.8877528199251,108636979.459599
"FT0295","FT0295",166.98477957884,596.749194663837,108165993.895736
"FT0061","FT0061",87.0997207882166,84.478586837572,105785776.807297
"FT0442","FT0442",226.154863599632,78.1558035575862,178369964.14789
"FT0207","FT0207",137.045674066875,55.0105145408619,574378638.922687
"FT0428","FT0428",219.133338546274,228.618063939052,95242136.4215917
"FT0388","FT0388",199.107647936206,118.770449724464,93303809.1161618
"FT0807","FT0807",391.284375226659,675.522092737687,92238180.0565322
"FT0539","FT0539",263.675169630766,219.481863326574,90895043.025883
"FT0238","FT0238",149.012047979381,394.255518647766,153549037.922587
"FT0831","FT0831",413.266288704325,675.522092737687,87769371.7528642
"FT0559","FT0559",270.315528247055,626.776394746721,87388840.2268823
"FT0158","FT0158",121.083977673504,139.67445738977,85245211.9987353
"FT0248","FT0248",152.031665838268,62.5414449272187,83999004.4185153
"FT0853","FT0853",428.217258945516,291.373688080571,83520139.5874782
"FT0361","FT0361",188.133584308808,50.5772760198962,142763813.918826
"FT1031","FT1031",555.245035533847,313.68215076259,80467569.5534309
"FT0145","FT0145",118.979025397305,774.29891676575,79847382.6759459
"FT0793","FT0793",384.53670942601,276.24986086092,79331638.8099401
"FT0105","FT0105",104.070605913354,43.4530207227825,77988881.4943794
"FT0146","FT0146",118.978937884382,592.690713572388,76782025.5975557
"FT0412","FT0412",212.102803132398,80.5610298938457,76643101.7059744
"FT0201","FT0201",134.996298884897,32.9736497678668,130659493.516877
"FT0097","FT0097",102.970260601881,155.252967170149,76245383.8874566
"FT0496","FT0496",246.079432123917,61.2781505530384,73688355.4413482
"FT0093","FT0093",101.096087802268,474.85305537224,72659110.8043593
"FT0047","FT0047",83.0215738188902,16.4494960680433,70688617.7625774
"FT0490","FT0490",244.628845953546,274.480395371927,70037240.8691983
"FT0569","FT0569",274.274027591586,539.384382583373,69693883.6796866
"FT0104","FT0104",104.052794460479,57.4174665872994,111569552.959559
"FT0236","FT0236",149.011704882187,33.2810459603343,65636458.7105989
"FT0243","FT0243",151.005254235897,771.080851193666,64985727.962894
"FT0233","FT0233",148.115841453427,38.4269836625543,63145245.3873173
"FT1025","FT1025",552.230440381674,244.91714795009,62937019.8942969
"FT0340","FT0340",181.12581258322,115.971082679344,62322936.9117829
"FT0282","FT0282",162.99126168144,33.2810459603343,61952708.165364
"FT0050","FT0050",83.0855033824767,403.462208498211,60075966.6534327
"FT0700","FT0700",338.341719534933,700.117117036803,57844288.6287044
"FT0178","FT0178",128.070529842661,50.3520691234847,56316565.499307
"FT0337","FT0337",181.02862365028,769.91720340858,56199358.8503638
"FT0234","FT0234",149.002551960911,777.141151793474,55564354.4303366
"FT0235","FT0235",149.01205750312,521.770004989048,55394716.1648197
"FT1046","FT1046",561.783210364539,424.85960969707,54700784.1499605
"FT0187","FT0187",131.052943564357,62.1261886474746,53337736.6088334
"FT0067","FT0067",88.0836235092144,713.129793956108,52720089.5334518
"FT0538","FT0538",263.056172741151,518.297151625248,51634046.3728357
"FT0026","FT0026",69.0700198443462,760.163084796716,85938598.0338486
"FT0564","FT0564",272.160458952357,154.306258773999,50080763.5489726
"FT0319","FT0319",173.025321480581,210.041505083383,49027402.0193242
"FT0446","FT0446",227.65474140952,117.523704435365,48883863.4425786
"FT0919","FT0919",461.574109507253,333.578871743734,48502962.2886071
"FT0281","FT0281",162.990984783948,764.969949447695,80282361.3149818
"FT0571","FT0571",275.656832099935,165.450906706315,47005114.2281592
"FT0275","FT0275",160.075617245423,117.213035871374,45576318.1635651
"FT1087","FT1087",597.679204231179,169.247059771771,45231092.8802933
"FT0174","FT0174",127.038923594089,210.680176122609,45182494.7590225
"FT0291","FT0291",165.986562258669,764.095965450604,44126389.7031709
"FT0443","FT0443",227.175193526325,448.270464045126,43701516.4532114
"FT0888","FT0888",445.244414391956,445.027741000897,73304582.524233
"FT1153","FT1153",661.331595605671,389.367642032634,42545537.8854151
"FT1112","FT1112",617.651212929538,386.000592512154,42465214.5016182
"FT0887","FT0887",445.192938753426,280.586709348274,42343221.6473195
"FT0256","FT0256",154.964528180895,769.044710546385,40769703.3144238
"FT0001","FT0001",55.0546318709147,669.968934198213,40615727.7676742
"FT0013","FT0013",60.0811027149223,396.415237881087,39290833.0821971
"FT0972","FT0972",504.920107202935,342.457891466355,38526436.8410795
"FT0341","FT0341",182.023365193938,777.488504464077,37764462.6138662
"FT0890","FT0890",445.745991598124,445.181501002942,37727892.9901792
"FT0405","FT0405",205.987622994469,766.134227174509,36995185.1591287
"FT1068","FT1068",576.302542137322,276.24986086092,36232563.6764902
"FT0012","FT0012",60.0811100902376,540.008860142346,36158865.1135834
"FT0130","FT0130",115.050295278937,52.8689517927473,60098124.6474538
"FT0954","FT0954",488.251059558895,310.956192624463,36009021.1861944
"FT0697","FT0697",337.074992870955,566.707373856139,35425433.3681197
"FT0071","FT0071",90.0549383864274,44.4582003207215,2724966041.49621
"FT0519","FT0519",255.1588404834,500.967672877314,34935703.6082014
"FT0292","FT0292",165.986557323551,592.381424626402,34565377.3234032
"FT0045","FT0045",79.0753748569098,768.463207433708,34167153.9596188
"FT0599","FT0599",289.180261014562,366.015782490109,97750251.462293
"FT0302","FT0302",168.980170031381,739.871490341226,33903645.3294884
"FT1023","FT1023",550.792551856403,424.84325208873,172160908.099114
"FT0864","FT0864",431.711674332516,124.117408057462,56216363.1979563
"FT0224","FT0224",144.101840672082,762.602664146605,33544186.2277547
"FT0908","FT0908",456.235350929919,445.181501002942,54299578.1321467
"FT0530","FT0530",260.651773464234,259.404009960527,32377271.0913308
"FT0216","FT0216",141.088491118393,765.725367465948,32235162.2895661
"FT0123","FT0123",113.096079794561,543.477323758176,31517467.4098272
"FT0126","FT0126",114.054955156673,73.8286339374611,31384496.4323859
"FT0387","FT0387",199.010985795395,769.626500090404,31373367.23789
"FT0478","FT0478",240.15234056071,287.341592225617,30516942.6337966
"FT0279","FT0279",161.981296861519,782.303714788466,30101270.9176042
"FT0796","FT0796",384.871041310809,276.24986086092,49056178.8715044
"FT0640","FT0640",310.148967575439,337.70763288289,29122731.0274812
"FT0053","FT0053",84.0443702071366,62.8439539420366,28708438.2478576
"FT0038","FT0038",75.0440815366012,705.965281090059,28428288.7089514
"FT0273","FT0273",159.96915731807,797.571193060004,27947256.5855463
"FT0910","FT0910",456.736921687706,445.181501002942,27831266.2595795
"FT0521","FT0521",257.151142370934,603.277164609935,27700398.1086174
"FT0019","FT0019",64.0160051311414,38.4269836625543,77399429.3229881
"FT0430","FT0430",219.174257287866,600.796642438946,27339563.8484015
"FT0113","FT0113",107.049108891459,140.276562420885,26744154.6818497
"FT0529","FT0529",260.249114734449,669.385079522464,26393788.3071745
"FT0520","FT0520",256.176618921058,138.171057843849,26304422.309757
"FT0626","FT0626",301.141016355502,584.875018565582,25886883.8792223
"FT0817","FT0817",401.76273642694,452.639307908089,42659370.414548
"FT0271","FT0271",159.013106255101,788.618979353673,25445029.0623565
"FT0308","FT0308",170.099929682663,145.809722994085,24922749.7111044
"FT0155","FT0155",120.980697166224,798.787203371997,24810997.7092681
"FT0373","FT0373",195.017562454236,765.552033357857,24780565.7871329
"FT0166","FT0166",125.038877515931,810.019618809626,24585320.9766613
"FT0331","FT0331",177.980457299135,791.073557187764,24465205.1603658
"FT0749","FT0749",360.687269045235,269.360557352646,24417828.112722
"FT0765","FT0765",366.21352524065,197.540133674581,24312995.387347
"FT0452","FT0452",228.195692046026,505.69037755144,24109895.2087868
"FT1033","FT1033",556.24844500338,313.68215076259,23941829.6775812
"FT0250","FT0250",153.005072676759,764.533229808796,23894337.3383502
"FT0920","FT0920",461.908048407569,333.56207456033,22950533.2646299
"FT0069","FT0069",89.0845814577658,760.891688039853,22792141.6191459
"FT0186","FT0186",130.964030244666,763.805024088571,22670892.6525526
"FT0124","FT0124",113.096055351452,751.262437752087,22390370.56813
"FT1088","FT1088",598.180823234698,169.247059771771,21971809.7649469
"FT0877","FT0877",440.268214447337,415.206950188307,21885954.6401573
"FT0810","FT0810",392.287777991765,675.522092737687,21878290.7920828
"FT0477","FT0477",239.161678071534,544.731668901474,21406236.6335912
"FT0835","FT0835",414.269710283079,675.815073145612,21197534.3152794
"FT0140","FT0140",117.090953967962,756.728410731528,21169239.4345294
"FT0436","FT0436",223.079930956891,517.983330798181,21061510.6299079
"FT0133","FT0133",115.03898431437,179.308299005919,20933897.9165538
"FT0193","FT0193",133.034002084825,211.922801727234,20806940.5027306
"FT0054","FT0054",84.0808301657181,775.182851331821,20306960.2181647
"FT0024","FT0024",69.0700075149411,347.48474152883,33228288.7546614
"FT1177","FT1177",704.523752941073,722.344044684547,33163900.6031879
"FT0245","FT0245",151.042445634993,210.990167470467,20179652.4004611
"FT0898","FT0898",450.358137903824,676.98730208862,19926880.2280966
"FT0941","FT0941",475.326091684174,761.183479361136,19296827.09648
"FT0601","FT0601",289.681735308013,365.7127343882,19277350.4524764
"FT0818","FT0818",402.264327638395,452.639307908089,18973440.5542643
"FT0579","FT0579",279.159056962966,584.875018565582,18922765.9455679
"FT0639","FT0639",309.203607403773,605.438980109275,18856337.5990024
"FT0973","FT0973",505.25442510456,342.457891466355,30808145.9356963
"FT0134","FT0134",115.099168227329,772.778173355755,18702862.3850121
"FT0423","FT0423",217.08348483365,533.368968236881,18596850.5503751
"FT0330","FT0330",177.006942171484,764.678770216874,18553157.0088882
"FT0080","FT0080",97.101166586431,460.448637693244,18364644.5583443
"FT0632","FT0632",305.171309271915,204.699729988949,18351474.2165988
"FT0753","FT0753",362.241582084826,763.222694029039,18308178.8749683
"FT0200","FT0200",134.958621669581,763.513838593132,17976708.2722836
"FT0098","FT0098",103.006627231194,800.166273355938,17301160.4908718
"FT0048","FT0048",83.0215818887082,780.51241090495,82226805.7147986
"FT0179","FT0179",129.052223397119,767.112101822042,17138596.7969622
"FT0016","FT0016",61.0844203490223,750.093786467512,16993170.7565801
"FT0837","FT0837",417.559535081825,314.608390699293,27372237.6132098
"FT0206","FT0206",136.954041459831,776.822799627377,16735679.8250344
"FT0482","FT0482",242.149731363336,264.387353203885,45649741.2742838
"FT0300","FT0300",167.985328083701,779.370502597374,16499729.2177318
"FT0563","FT0563",271.318864784871,626.478453225749,16474177.3198022
"FT0379","FT0379",196.104754426049,534.34801870533,16366517.4696329
"FT0317","FT0317",172.992058262368,796.200617230294,16256663.5369639
"FT0623","FT0623",299.201359932428,611.432381780475,16016970.2462735
"FT0828","FT0828",411.093997873477,597.996847400775,16012649.6509551
"FT1026","FT1026",553.233911463128,244.91714795009,16009276.7720515
"FT0350","FT0350",184.613393400134,196.921332051525,15753389.54507
"FT0958","FT0958",489.784631993765,435.77287014281,15507452.5561238
"FT0549","FT0549",267.077468516353,148.322296658372,15507277.5033213
"FT0862","FT0862",431.213909237406,179.328232610459,15490668.0571791
"FT0129","FT0129",114.091343400056,749.363284205859,15415922.7378789
"FT0351","FT0351",184.985561114902,801.084461682867,15405919.9075598
"FT0128","FT0128",114.091393061281,256.599557284606,15320989.3703684
"FT0957","FT0957",489.254490606977,292.15585476128,15029282.5776679
"FT0294","FT0294",166.984768393007,767.9960439474,14973296.5365861
"FT0169","FT0169",125.986211099658,836.166275328654,14909555.0744201
"FT0928","FT0928",467.174892547039,281.204221900123,14704110.5688332
"FT0051","FT0051",83.0855767597175,756.811144530141,14585540.5949807
"FT0437","FT0437",224.127318759992,218.731859127351,14488113.2038086
"FT0371","FT0371",194.007529119761,778.728551867566,14472800.5614443
"FT0253","FT0253",153.070010593771,768.463207433708,13966304.2897823
"FT0573","FT0573",277.140862823158,518.924231400876,13860248.7732767
"FT1095","FT1095",608.670294791757,169.521093628625,13829070.7570484
"FT0073","FT0073",91.0541577213514,140.276562420885,13757277.0333444
"FT0558","FT0558",270.315552526632,739.8714043971,13445386.0445955
"FT0633","FT0633",305.654982989084,192.56845337048,13378881.2853517
"FT0141","FT0141",117.98915917331,765.552033357857,13345790.3352352
"FT0127","FT0127",114.091348872448,380.188623497347,13215676.2888614
"FT0532","FT0532",261.146135223359,558.86672558831,13158553.9910337
"FT0066","FT0066",88.083758816926,339.685633799497,13036089.3082602
"FT0545","FT0545",266.16035460738,254.361802969012,13025555.7895095
"FT1079","FT1079",584.27229388871,364.500499171016,13003760.7632466
"FT0298","FT0298",167.070138834511,534.97526185425,12877279.6209066
"FT0480","FT0480",241.198168813986,594.252788482474,12799564.2477894
"FT0222","FT0222",143.996757103064,794.568815596841,12707726.6148277
"FT1013","FT1013",545.70452250482,338.491426243873,12705403.4952367
"FT0730","FT0730",351.090701027195,572.696534252892,12588267.2773844
"FT0447","FT0447",227.938278224933,791.343354840049,12411807.1649925
"FT0389","FT0389",201.006390954252,769.626500090404,12335130.7633751
"FT0087","FT0087",98.984146388831,716.494512859441,19810743.6099796
"FT1032","FT1032",555.340116190353,401.335072040453,12256469.4957058
"FT0855","FT0855",428.551309586405,290.748854991144,56485049.6676555
"FT0510","FT0510",250.118225263393,526.497335906956,12225254.4247987
"FT0352","FT0352",185.114646056664,394.255518647766,12207217.5326536
"FT0197","FT0197",134.035726908524,760.891688039853,12083240.1537358
"FT0935","FT0935",471.29284719885,85.9798134244436,19332604.7393455
"FT1172","FT1172",690.508186867618,681.091647634855,19183702.9407152
"FT0354","FT0354",185.128358939417,219.481863326574,11866820.7200461
"FT1148","FT1148",654.382382568655,380.188623497347,11785290.1644363
"FT0251","FT0251",153.03370185879,33.8920018251799,31327835.641712
"FT0055","FT0055",84.9596909682459,32.9736497678668,95293378.2577894
"FT0583","FT0583",281.190757517279,593.627812020929,11588386.6300968
"FT0095","FT0095",101.059730209177,176.798153264177,11496183.1014417
"FT0049","FT0049",83.0215830636547,524.905847348768,18517981.099498
"FT0239","FT0239",149.059701559269,139.67445738977,29708865.0506169
"FT0209","FT0209",139.018132544994,792.404689592751,10999952.0427823
"FT0860","FT0860",430.717314169588,388.143330136525,10939674.4393053
"FT0439","FT0439",224.126519563146,69.540330016588,87996342.5142273
"FT0060","FT0060",87.0540169832899,757.978004501604,10855375.420487
"FT0269","FT0269",158.081111958649,178.259380466359,10751158.165649
"FT0398","FT0398",203.058852125144,762.931190957812,10739949.6744708
"FT0893","FT0893",446.247371998411,444.873980998852,10648282.9212251
"FT0794","FT0794",384.347385731275,667.34138242457,10611741.9737327
"FT0213","FT0213",141.026044190658,768.754193930578,10455414.1585908
"FT0469","FT0469",235.08524346758,762.640013809139,10440921.9170349
"FT0613","FT0613",296.219702819882,554.799957957849,10394990.5307987
"FT1059","FT1059",570.644023127378,369.998291856758,10385736.4283087
"FT0474","FT0474",237.079231109752,708.158006586863,10336079.1732419
"FT0813","FT0813",399.308287540704,643.285048616887,10230021.9671632
"FT0604","FT0604",294.150687922532,127.503657353768,10062738.100767
"FT0367","FT0367",191.982492117031,784.701023798135,10017922.2369775
"FT1024","FT1024",551.293940576755,424.245457422972,79666616.8486062
"FT1154","FT1154",661.666073157109,389.367642032634,44562951.4634273
"FT0265","FT0265",157.083437394455,765.843223378062,9791043.46191156
"FT0738","FT0738",355.281874084932,642.69571800927,9776843.36653831
"FT1072","FT1072",577.353301336702,366.015782490109,9756352.56077624
"FT0883","FT0883",443.334656506749,643.580121935205,9745658.39047712
"FT0586","FT0586",282.203836843039,506.339212172452,25838383.3845462
"FT0552","FT0552",268.084900460207,44.7592474326936,25756541.6357557
"FT0309","FT0309",170.096280254461,531.199857867736,9675936.04121251
"FT0259","FT0259",155.104155470506,764.533229808796,9605474.69192703
"FT1121","FT1121",623.316720721544,395.33348349838,9603676.96676552
"FT0434","FT0434",221.15101085224,530.726062628892,9547289.15077499
"FT0987","FT0987",519.29290377506,259.717933906929,9504617.43596784
"FT0172","FT0172",127.034453166359,775.182851331821,9448300.69821308
"FT0268","FT0268",158.15384251979,496.583439615705,9435287.07566043
"FT0548","FT0548",267.156760985279,560.118199673928,9425681.345725
"FT0392","FT0392",201.123288988006,250.239358074607,14994794.4794522
"FT0310","FT0310",170.98741726752,781.705607885662,9292615.86854782
"FT1114","FT1114",617.985502300764,386.077730845089,41653853.9066436
"FT1003","FT1003",536.307914050537,465.460535498219,9213018.97883421
"FT0189","FT0189",131.070271159513,110.636181779605,9197892.75596643
"FT0321","FT0321",173.984642602072,782.303714788466,9125360.36199415
"FT0994","FT0994",525.339863631493,245.849976173324,9118201.16509906
"FT0836","FT0836",414.234583376863,268.430858401498,249996892.452188
"FT0314","FT0314",171.992217089985,782.901842462875,9073682.50684503
"FT0951","FT0951",485.113197578922,622.274670098215,8937770.31856312
"FT0082","FT0082",98.9841654012512,184.051570148111,14138080.2195288
"FT0998","FT0998",526.642260518692,70.1539953614933,8761422.77516211
"FT0645","FT0645",311.255716840068,639.755991471292,8671876.7121688
"FT0065","FT0065",88.0837846550516,237.311958112029,8614124.10754267
"FT1115","FT1115",618.3193488362,399.494199041718,22569578.0056941
"FT1178","FT1178",705.527205086855,722.344044684547,13701134.5616446
"FT0617","FT0617",297.185715446894,559.179319240822,8516227.1816521
"FT1188","FT1188",735.518594604652,676.694312622662,8496155.83602458
"FT0785","FT0785",380.179524375167,425.148343477212,8450861.86382461
"FT0526","FT0526",259.964659952269,783.801499516095,8370494.57831028
"FT0771","FT0771",371.73874677227,722.344044684547,13359585.6771697
"FT0380","FT0380",197.009752315135,730.378670181206,8283824.95474058
"FT1009","FT1009",540.339079359652,364.197744803921,8267416.89344676
"FT0009","FT0009",57.0702510174403,757.978004501604,8179104.95964302
"FT1069","FT1069",576.319736819575,400.416845186628,8170474.42023048
"FT0522","FT0522",257.193086132785,559.023022414566,8092514.93560261
"FT0572","FT0572",276.158290875196,165.141256641079,8087365.81018472
"FT0959","FT0959",490.285649066403,436.405120179925,8063821.53925941
"FT1066","FT1066",574.247612402168,189.112295351642,8032870.95488288
"FT0217","FT0217",141.958469212055,791.949303821884,35414462.2451343
"FT0636","FT0636",306.689048844366,233.858022080584,7974060.5601309
"FT0062","FT0062",87.1068794604222,754.328847603615,7956202.24251288
"FT0261","FT0261",156.042009829932,779.618990301238,7948441.12912626
"FT0911","FT0911",457.238332985143,445.181501002942,7884366.2459721
"FT0892","FT0892",446.196498325494,280.895659932938,7864715.77984025
"FT0466","FT0466",235.169079315983,571.729132277683,7811494.21698406
"FT0237","FT0237",149.012085825835,209.731252071419,7785259.59480584
"FT0575","FT0575",277.179792778619,574.219816433521,7730914.64447488
"FT0284","FT0284",163.060397168662,394.255518647766,7706609.46338614
"FT1090","FT1090",598.682095526043,169.247059771771,7689626.0403254
"FT0078","FT0078",95.0490099539989,139.975458092823,11950140.9059062
"FT0132","FT0132",115.111726054388,520.523858140549,7466561.0784308
"FT1060","FT1060",570.977416247498,370.613913012482,7437642.63528428
"FT1020","FT1020",549.48856400113,696.206393555568,7423116.42866692
"FT0948","FT0948",483.286885835083,401.335072040453,7350708.27649037
"FT0453","FT0453",229.137426965644,206.917362463592,11639686.2477763
"FT0507","FT0507",249.157309180552,766.134227174509,11627077.0429957
"FT0303","FT0303",168.980142875863,599.143357183374,19023140.2597415
"FT0603","FT0603",291.647738708496,209.110555945923,7295222.59033585
"FT0985","FT0985",519.139625230028,748.925258500492,7228565.95527305
"FT0806","FT0806",389.112011893449,598.619914537796,7144526.0536828
"FT0481","FT0481",241.953970497319,783.500958857511,7105556.7789939
"FT0505","FT0505",249.109675506488,533.093836338383,7098455.42903487
"FT0566","FT0566",273.16237427458,153.359811162084,7094892.36778159
"FT0641","FT0641",310.641135415509,241.179935660402,7043667.30039635
"FT0506","FT0506",249.157200383509,448.115646477512,11055561.1987492
"FT0495","FT0495",245.985283361567,794.376888133214,6955542.34898991
"FT0312","FT0312",171.112651674969,303.637285720871,11000738.0711173
"FT0099","FT0099",102.970241429735,32.9736497678668,178983593.14329
"FT0037","FT0037",74.0681433885201,656.535817442469,30124937.492053
"FT0843","FT0843",420.228053579547,387.83823853045,10792000.6623999
"FT0589","FT0589",286.176135967053,253.729374411563,6699832.32664374
"FT0168","FT0168",125.070912821816,156.823880676521,6633253.81045677
"FT0334","FT0334",179.106508751536,499.713005333204,6621852.29763494
"FT0776","FT0776",374.226921927215,375.25256976117,10502595.9356599
"FT0847","FT0847",425.109711537325,611.2784121333,6595118.83866265
"FT0953","FT0953",487.361040454262,643.580121935205,6456378.08066732
"FT0886","FT0886",445.12052294667,704.503169210959,6454493.11570827
"FT0357","FT0357",187.007876534149,801.012546267493,6445005.42117645
"FT0157","FT0157",120.980686118894,32.9736497678668,87769230.3525587
"FT0184","FT0184",130.158961108383,750.678225130076,10193618.6761245
"FT0408","FT0408",209.982081143848,794.829759065881,6415616.82488667
"FT0338","FT0338",181.03816054064,491.747711120024,6396564.82719425
"FT0215","FT0215",141.090072658202,531.533644575514,6393496.99600175
"FT0377","FT0377",195.086655623828,399.801628480609,10089347.2216826
"FT0056","FT0056",85.1011779043032,522.710729828457,6337501.38106911
"FT1038","FT1038",558.303298249598,473.94998741658,6319342.85577688
"FT0798","FT0798",385.205320311783,276.24986086092,16308734.9595364
"FT0120","FT0120",112.036890987675,41.1463719762272,160181309.648491
"FT0900","FT0900",451.297052840135,459.823762729923,6189401.56164198
"FT0072","FT0072",91.0153706979006,800.523325885924,6125063.49520925
"FT0419","FT0419",215.104135054152,502.874310326352,6093775.46476992
"FT0190","FT0190",131.95016993155,781.705607885662,6075900.98931386
"FT0491","FT0491",245.130668940467,275.15473527158,15593366.0922546
"FT0241","FT0241",149.971874671834,784.808200898011,6042879.28522009
"FT0540","FT0540",264.055018860171,518.297151625248,6022343.61608106
"FT0969","FT0969",500.775627996771,435.77287014281,5988476.30645042
"FT0608","FT0608",295.170002546157,516.41691512214,5885994.35696927
"FT0648","FT0648",313.180700991355,565.681286161882,5884136.15894528
"FT0364","FT0364",190.003940840354,771.372114700085,5869035.05456469
"FT1051","FT1051",563.50416414645,687.972979887169,9264062.08456785
"FT0413","FT0413",213.145814352444,431.053361475502,5840028.37713751
"FT0698","FT0698",338.074542865165,567.020441093577,5790089.93315237
"FT0976","FT0976",505.921700233918,342.457891466355,5709646.86718458
"FT0879","FT0879",441.297913689374,693.097200373897,5638216.67667798
"FT0724","FT0724",349.180998568797,658.583006878737,5607120.28517011
"FT0791","FT0791",383.276919093088,646.240679917815,5558682.91737362
"FT0106","FT0106",104.106857568701,762.348534933081,5553256.41908238
"FT0533","FT0533",261.242512414521,669.09288636567,5519357.35235915
"FT0784","FT0784",379.724959192611,722.344044684547,8654436.47917099
"FT0550","FT0550",267.229560015519,637.40504454039,5463214.9625782
"FT0787","FT0787",380.513812181217,425.148343477212,5421632.9788829
"FT0162","FT0162",122.974796024034,769.626500090404,5416411.67423568
"FT1016","FT1016",548.793536767342,369.381563826064,5415809.44639909
"FT0850","FT0850",427.303316381199,645.64873380684,5396379.57278651
"FT0212","FT0212",139.952859322825,776.952285945709,5354140.06357198
"FT1042","FT1042",559.518003736112,707.427122374923,5245626.52070944
"FT0393","FT0393",201.088413918371,448.270464045126,8237113.77650936
"FT0778","FT0778",375.191287794216,143.004345698614,22216017.526548
"FT0325","FT0325",174.987418958644,782.004836575147,5182045.32275546
"FT0616","FT0616",297.099571996942,313.68215076259,5137370.00683663
"FT0930","FT0930",467.916674795895,332.351260554781,13066088.2062807
"FT0918","FT0918",461.27317276687,365.409985977443,5120328.32127571
"FT1018","FT1018",549.303551829934,165.500939250058,5112635.66718274
"FT1006","FT1006",537.536122726201,707.427122374923,5093687.94313055
"FT0148","FT0148",119.986715032782,784.962222044982,5084955.9693868
"FT0316","FT0316",172.133029076334,631.225986639446,5037463.97099653
"FT1142","FT1142",640.366733031544,367.536117568438,4999597.79988325
"FT0473","FT0473",237.145900170706,523.02456999264,4925340.5401174
"FT0927","FT0927",465.792228766016,432.312063120332,4920855.97414292
"FT0891","FT0891",446.120813378521,747.903316696486,7642451.31639631
"FT1138","FT1138",637.3178259837,363.287530912227,7594510.03955099
"FT0244","FT0244",151.005207632893,592.066236118576,34917011.3367652
"FT0650","FT0650",314.178513932436,405.301621362727,4786926.58503831
"FT0551","FT0551",267.651924679681,148.950573372565,12150290.5677046
"FT0335","FT0335",179.991795837759,785.60394460646,4762916.36383501
"FT0202","FT0202",135.981722366919,803.684736835582,4750896.96180148
"FT0606","FT0606",294.662907458817,102.216163935819,7378585.62052086
"FT0839","FT0839",418.145690165266,209.731252071419,4688442.03413632
"FT0541","FT0541",265.05345136877,518.038613747399,4686138.05625908
"FT0841","FT0841",419.315823214234,693.097200373897,4643536.15742044
"FT0277","FT0277",161.008711816298,784.401133713563,4606969.78397184
"FT0326","FT0326",175.023528540829,57.8383718276491,212283545.320963
"FT1140","FT1140",637.819450133707,363.287530912227,4581255.94081636
"FT0149","FT0149",120.065487424093,285.419302297042,11553691.458645
"FT1035","FT1035",557.251189409397,313.68215076259,4546716.81349984
"FT0108","FT0108",104.963405650583,805.680172413262,4513226.64952023
"FT0832","FT0832",413.266631226214,765.843223378062,11285240.8291833
"FT0416","FT0416",213.958865091961,790.070794295992,4430675.39737982
"FT0819","FT0819",402.765703611513,452.110429728143,4411132.18040534
"FT0687","FT0687",332.119628372997,567.333080189519,4407049.0531032
"FT0689","FT0689",332.194689844518,366.926130674723,4395228.24520262
"FT1096","FT1096",609.171744317021,169.521093628625,6848258.67539019
"FT1082","FT1082",587.549438186999,647.12788625196,4348953.63456362
"FT0655","FT0655",317.134205196041,292.625012203864,4158056.35153338
"FT0005","FT0005",56.0579659481462,756.638081174951,4151004.07826298
"FT0767","FT0767",367.217299593831,197.540133674581,4150572.607299
"FT0652","FT0652",315.156627471009,588.000454197332,10323358.1472394
"FT0497","FT0497",246.097075058624,325.323253196415,4083192.48276217
"FT0150","FT0150",120.090497732541,51.0663216929247,180366488.603222
"FT0384","FT0384",198.131469485797,284.275246980065,50175656.7358424
"FT0702","FT0702",338.672572173066,163.74708819848,3973633.89504533
"FT0088","FT0088",100.075639687042,143.618040741256,16462552.1607054
"FT0670","FT0670",325.169549362688,405.301621362727,3930894.09830109
"FT1150","FT1150",655.38564027886,379.885295234046,3910339.00411516
"FT1129","FT1129",627.349959252919,405.920679693986,3909714.00366035
"FT0023","FT0023",69.0448648142866,661.424675466433,27661264.9517876
"FT1057","FT1057",569.766477236075,423.929188149539,6079331.32187349
"FT0629","FT0629",304.130298698926,400.723788984102,3852002.03377364
"FT0937","FT0937",472.206553217641,444.565912363456,3797098.46352654
"FT0161","FT0161",122.057616458166,145.162976765774,3796255.87338132
"FT0614","FT0614",296.645937585653,400.416845186628,3788523.34268716
"FT0715","FT0715",341.200037748158,361.140138559918,3787030.17744175
"FT0762","FT0762",366.166050072265,195.992168203508,5872188.88959134
"FT0949","FT0949",483.788505163436,401.639541608547,3758695.84206788
"FT0254","FT0254",153.992214681025,787.411344153153,3742696.74256501
"FT0276","FT0276",160.180749451347,769.044710546385,3708358.931476
"FT0336","FT0336",180.135713601986,496.583439615705,3699405.68898432
"FT0705","FT0705",339.071405297738,566.784689223656,3684664.35329329
"FT0936","FT0936",471.329661134727,645.352898245122,3613088.97330769
"FT0010","FT0010",59.0494831597601,768.172206818323,154970897.933747
"FT1080","FT1080",586.312299730028,428.291243070349,3530252.32684273
"FT0729","FT0729",351.250681972729,646.536416612811,3524269.06996398
"FT1099","FT1099",611.789725019113,398.263245094042,3516511.52684823
"FT0582","FT0582",281.172408760024,583.934903252286,8640342.20172123
"FT0180","FT0180",129.01816196353,57.8383718276491,299852898.214096
"FT0706","FT0706",339.202631615866,374.634602725568,3432149.97554732
"FT0528","FT0528",260.11282676296,377.733868991964,3426666.73484375
"FT0068","FT0068",89.0853684070963,671.864774855078,3417665.63754174
"FT1102","FT1102",612.379909420311,486.183409042087,3403612.54631495
"FT0770","FT0770",371.101453179819,677.573546695091,3389908.50325466
"FT0489","FT0489",244.290325446405,606.96483746693,8425175.66991224
"FT1149","FT1149",654.357757171803,163.74708819848,3383947.28400625
"FT0400","FT0400",205.003208484531,793.769478557821,5253826.37337719
"FT0662","FT0662",320.686676892043,367.230748809739,5153784.6768229
"FT1118","FT1118",619.661316041542,169.521093628625,3304519.21751514
"FT0226","FT0226",145.989778092008,789.829922439872,3298449.75740579
"FT0615","FT0615",297.082510919882,571.08806657387,5128410.0617264
"FT0386","FT0386",199.169059713469,599.864261520293,3294597.49442521
"FT0181","FT0181",129.06979565217,503.814246892351,5040048.00624796
"FT1100","FT1100",612.128727771492,94.5105567535271,4991150.43638055
"FT0814","FT0814",400.197958382357,256.283954391796,12998393.1961999
"FT1053","FT1053",565.567398647378,647.423219651701,3184941.57326534
"FT0451","FT0451",228.195763043091,606.048254063879,3169551.11435009
"FT1173","FT1173",691.511599604887,681.091647634855,7849910.6324372
"FT0232","FT0232",148.039325882545,287.648673713034,3168005.58991034
"FT0513","FT0513",251.11901124876,207.232709673592,4822898.26068991
"FT0643","FT0643",311.084922033247,99.7646341078368,3093369.73129645
"FT0727","FT0727",350.715236656817,760.308738527237,12549347.0402018
"FT0119","FT0119",111.116849864606,558.553338351004,4762105.31516783
"FT0624","FT0624",300.622242681889,363.843482657321,12121940.2646949
"FT0448","FT0448",227.93823405656,16.7987389992509,2993627.06343163
"FT0965","FT0965",499.128790223449,633.904241496428,4625816.91234652
"FT0345","FT0345",182.985339262809,814.12622553846,2959034.81380264
"FT0995","FT0995",526.324066590963,352.287137945551,2948672.57913345
"FT0485","FT0485",243.287536987772,721.466761934874,2947619.27515595
"FT0475","FT0475",238.635241096245,275.15473527158,2936520.6741256
"FT1071","FT1071",577.227127028578,313.065119832992,2934312.14654783
"FT1110","FT1110",616.652841459347,169.390927855301,4497630.05101293
"FT1120","FT1120",620.274763852091,399.494199041718,2807181.32897409
"FT0916","FT0916",459.260239278983,365.409985977443,6791043.85578917
"FT0716","FT0716",342.238323166408,354.099236637454,32201249.047081
"FT0838","FT0838",417.893845785367,314.608390699293,18282765.5707842
"FT0247","FT0247",151.075198545748,442.38153343415,4168684.6242752
"FT0214","FT0214",141.088583523402,670.699054695636,2684228.5726961
"FT1055","FT1055",568.273272527418,403.157868050395,10507727.2928106
"FT0830","FT0830",412.094199638209,597.684972994514,4012530.59415188
"FT0159","FT0159",121.987129822489,772.246454348449,3944383.71971693
"FT0931","FT0931",468.178393087426,281.204221900123,2554058.01595614
"FT0988","FT0988",520.296425939203,259.717933906929,2526361.04957936
"FT0327","FT0327",175.986468289105,772.838119550877,2524208.5052825
"FT1011","FT1011",541.339355715441,363.894875507873,2513391.4556316
"FT0476","FT0476",239.022552267767,378.663162928173,2499259.15807996
"FT0774","FT0774",372.717132870608,680.798809836475,6065596.10285175
"FT0707","FT0707",339.250653245591,647.12788625196,3739817.01090025
"FT0553","FT0553",268.104094196564,774.151639284133,9622828.30074123
"FT0600","FT0600",289.27372738057,638.980785569912,2415815.65868774
"FT0991","FT0991",523.754110646377,308.731055941156,9521568.94707563
"FT0204","FT0204",136.061694749032,47.1739572100777,185978464.86487
"FT1103","FT1103",612.881350638531,486.183409042087,2350089.83366482
"FT0111","FT0111",105.971192141479,785.985121964399,2329269.95884212
"FT0768","FT0768",369.297647331923,657.412940401484,3582658.88269216
"FT0682","FT0682",329.18584884323,163.911271906638,9123727.28573802
"FT0773","FT0773",372.240454195503,722.344044684547,5590010.96720879
"FT0722","FT0722",346.667775347851,379.885295234046,3507108.76560868
"FT0750","FT0750",361.189014808522,269.360557352646,8943809.35177869
"FT0429","FT0429",219.06272146085,294.505655683995,2264153.32926399
"FT0021","FT0021",67.0641135662357,772.831258367432,5457028.80583186
"FT0359","FT0359",187.036501546126,293.878568334885,2243387.29299348
"FT0721","FT0721",346.192152124339,395.361094061564,5385370.82152138
"FT0431","FT0431",219.11068098851,104.147453634233,8700443.60625738
"FT0808","FT0808",391.192959472673,271.327790180828,8678401.66414981
"FT0353","FT0353",185.091912697288,81.7656244678409,83412062.0998501
"FT1067","FT1067",575.413445868813,643.875284786812,2162284.89527441
"FT1065","FT1065",573.14740310146,654.77882070118,3306382.64098218
"FT0112","FT0112",107.049157670486,802.61117735254,2135901.36958946
"FT1111","FT1111",617.154394285384,169.563847374433,2133200.69422547
"FT0981","FT0981",513.340492415883,580.175549102386,2126600.06502718
"FT0779","FT0779",377.326198755529,643.285048616887,2115107.71008662
"FT0757","FT0757",364.161589994407,96.0624560072661,2112751.91755096
"FT0977","FT0977",507.266000785987,281.556810250184,13613667.9506018
"FT0677","FT0677",328.196269248728,380.188623497347,8116521.66417459
"FT0663","FT0663",321.149576530342,617.104633859572,2068773.98723936
"FT0982","FT0982",515.355971747196,645.057075720926,2044872.9103307
"FT0274","FT0274",159.969074422365,159.323883728554,22613645.6309884
"FT0744","FT0744",357.147320786603,634.842602604677,4836557.08438706
"FT0605","FT0605",294.136861610659,280.27800129276,7805959.85589868
"FT0866","FT0866",433.227927867037,424.233985185529,2001035.51525069
"FT0221","FT0221",143.068002361055,765.552033357857,3055526.20135625
"FT0536","FT0536",262.916197685695,764.678770216874,3047911.926997
"FT0924","FT0924",464.217863789033,445.181501002942,7657780.62679174
"FT0885","FT0885",444.337966471291,643.285048616887,1955683.0264372
"FT1098","FT1098",609.67432878903,169.521093628625,1952453.90404836
"FT0902","FT0902",451.798681343755,460.136205903017,2980249.65740807
"FT0266","FT0266",157.977751618929,788.316227717785,1927991.00482647
"FT0805","FT0805",388.192163377159,225.80349218473,12439276.4854255
"FT1091","FT1091",599.18322911913,169.48794922318,1919947.08478069
"FT0815","FT0815",400.311625994221,642.990402499012,1916543.72066434
"FT1077","FT1077",579.836752606912,438.613969576493,1911419.96948245
"FT0939","FT0939",473.345192337842,634.172994154632,2914881.1961329
"FT1027","FT1027",553.780017629968,422.093634572951,1899342.26415427
"FT1191","FT1191",743.484682204043,694.85283464361,4517583.38678422
"FT0944","FT0944",478.389509123829,692.950845443862,1873473.95047925
"FT1124","FT1124",624.638406180097,169.542470501529,2785073.68839294
"FT0720","FT0720",346.160769063971,68.9076812913561,2752547.68823809
"FT0102","FT0102",103.101231851556,752.868394633512,6952724.79492222
"FT0306","FT0306",169.981665790109,771.080851193666,4230105.23128558
"FT0952","FT0952",485.185554655741,277.803490571087,1726898.00619009
"FT0562","FT0562",271.09250286827,99.4541167084319,4110746.34685525
"FT1022","FT1022",550.491801198637,695.237133192669,2617091.93442608
"FT0646","FT0646",311.201355534801,563.892402549245,2593803.63914916
"FT0914","FT0914",458.304935559815,472.350014324521,1675165.59413665
"FT0043","FT0043",79.0753663889828,604.549211438228,3965775.62814176
"FT0933","FT0933",469.314097276775,578.292985292386,1660919.0781839
"FT0040","FT0040",76.0474479156049,750.970331441081,10505874.2493249
"FT0966","FT0966",499.201165193319,281.204221900123,1652869.93307357
"FT0018","FT0018",64.0160523260674,830.305306379403,17777912.5293996
"FT0743","FT0743",356.285321308197,642.529047802637,1631243.90246259
"FT0262","FT0262",156.042008708848,545.541939270856,6198373.7042954
"FT0109","FT0109",105.036888310517,210.680176122609,6158806.93386868
"FT0833","FT0833",413.323946252182,657.120623308852,3761999.28746662
"FT0115","FT0115",109.07607856749,272.513124996501,6016582.37768414
"FT1036","FT1036",557.366808983518,581.740112342682,2392387.1151557
"FT0737","FT0737",354.718022869045,367.230748809739,1555216.47034924
"FT0511","FT0511",250.059772077625,280.586709348274,2350481.92721754
"FT0588","FT0588",283.206401109776,601.071255040133,3655003.60758149
"FT1119","FT1119",620.162798843508,169.837676739922,1540167.54426656
"FT1183","FT1183",726.505726290641,722.636258104611,3651544.41037207
"FT1122","FT1122",624.135212029101,169.837676739922,1533985.68959707
"FT0612","FT0612",296.144176341949,400.416845186628,16378646.8613053
"FT0637","FT0637",308.124069723622,70.4606362630471,1519088.98136386
"FT0512","FT0512",251.161656612019,532.767433587098,1512389.39409489
"FT0719","FT0719",343.131523493098,617.104633859572,2293430.15724045
"FT0735","FT0735",353.062831486467,149.578328633219,1507485.74758442
"FT0611","FT0611",295.5920769338,244.91714795009,9346341.9414026
"FT1092","FT1092",601.393162250411,582.993191883233,2249472.27286058
"FT0602","FT0602",290.183554503946,365.7127343882,2246364.60738814
"FT0912","FT0912",457.350319665968,656.828154348793,3489756.09478499
"FT0799","FT0799",385.539546602287,276.24986086092,3455879.27742024
"FT1161","FT1161",666.997609010195,396.106563372143,15506764.9547401
"FT0699","FT0699",338.21301432063,399.801628480609,3385640.86236493
"FT0971","FT0971",501.376655343867,656.535817442469,2168981.36458029
"FT0372","FT0372",194.11753015981,836.012682217053,8802617.43549829
"FT0943","FT0943",477.391977326048,614.657893111559,5282852.6748593
"FT0171","FT0171",125.986190591882,32.6806264675666,26148946.1037351
"FT0999","FT0999",527.143989686761,70.4606362630471,3294596.56087386
"FT0121","FT0121",112.965850046789,779.916294996319,1395497.68348391
"FT0747","FT0747",359.683078107625,356.20812299634,14731520.1806707
"FT0307","FT0307",170.021146139456,286.727814499933,2101420.37668466
"FT1089","FT1089",598.33228854935,366.015782490109,2075382.26219291
"FT0618","FT0618",297.601316902064,313.68215076259,1367849.49592713
"FT1058","FT1058",570.267691621833,424.538468552572,3217701.2007814
"FT0758","FT0758",364.730936584803,681.091647634855,8218594.75789932
"FT0932","FT0932",469.271370441066,375.097841764892,4976221.227635
"FT0422","FT0422",217.031765034501,776.952285945709,1313836.15431672
"FT0383","FT0383",198.006060299182,779.024748951915,1305247.06650859
"FT0978","FT0978",510.250944187717,331.5882400987,13450713.1363575
"FT0598","FT0598",289.103049813168,100.69767711313,3002293.93499604
"FT1101","FT1101",612.290398700938,397.803053080612,1935410.2477188
"FT1084","FT1084",588.552367108597,647.12788625196,1279711.00983633
"FT0875","FT0875",439.715076591284,346.735940328571,2989771.16173426
"FT1037","FT1037",557.329282313397,366.318830695253,2954491.43349939
"FT0011","FT0011",60.0528295187383,768.463207433708,2925096.75982512
"FT0842","FT0842",419.726344880137,387.83823853045,22734416.2246272
"FT0401","FT0401",205.047088528636,292.938247447341,1870963.20500126
"FT0915","FT0915",458.784604736034,431.998097757661,2888779.50167522
"FT0726","FT0726",350.326485179222,642.69571800927,1230224.29506554
"FT1125","FT1125",625.139840441825,169.521093628625,1212387.00152592
"FT0764","FT0764",366.225986394077,447.032147127496,4494508.31919451
"FT0288","FT0288",164.978826226846,17.4473148484314,2816965.02388
"FT0647","FT0647",312.259100061788,639.755991471292,1204013.6165011
"FT0845","FT0845",420.729368854733,388.448735639357,2805795.71986597
"FT1132","FT1132",628.353346558384,405.301621362727,1197202.7944545
"FT0173","FT0173",127.038864898994,76.7803198133957,21590605.5466676
"FT0264","FT0264",157.133522003271,225.465528501917,2780548.03081392
"FT0441","FT0441",225.626512144235,96.9875868273041,12197483.3989029
"FT0421","FT0421",215.948081805695,781.705607885662,1183746.29649368
"FT0921","FT0921",462.276818894526,385.38759081853,4375817.01647846
"FT0692","FT0692",333.299925564333,641.813604260191,1178841.80880842
"FT0876","FT0876",440.127772473407,209.594671986293,1776531.33386564
"FT0628","FT0628",303.166219404368,99.4541167084319,38749885.2984629
"FT0907","FT0907",455.40989590557,613.737563070022,4358245.59934918
"FT1093","FT1093",602.26353757095,435.141893177239,1174191.06657035
"FT1130","FT1130",627.643796937771,169.837676739922,1153767.66442082
"FT1075","FT1075",578.35606057851,365.409985977443,1691419.86966729
"FT1044","FT1044",560.825549226835,458.573973847093,2611590.36884496
"FT0635","FT0635",306.300262610917,639.462117927436,1117858.64419533
"FT0797","FT0797",385.256238033568,605.743744868242,4064392.12352431
"FT0198","FT0198",134.035725847546,629.154365422674,1100355.01393616
"FT0786","FT0786",380.226669927033,722.344044684547,3968248.66496676
"FT0710","FT0710",339.514311258586,281.512420387283,10899202.716948
"FT0884","FT0884",443.742629544485,293.564852393967,2380292.19271197
"FT0052","FT0052",83.0603730141303,836.166275328654,3698252.61366628
"FT0947","FT0947",482.405560308523,643.875284786812,1473971.14315906
"FT1108","FT1108",614.815088076544,389.060689276386,3552142.71396189
"FT0894","FT0894",446.748617741812,444.873980998852,2247861.91762957
"FT0696","FT0696",336.207807534295,299.176947026244,29797797.6366017
"FT1054","FT1054",566.57015784391,647.423219651701,947823.341964735
"FT1048","FT1048",562.66257449998,130.867902967622,2144375.9065076
"FT0396","FT0396",203.01613923973,836.166275328654,2140234.87930309
"FT0270","FT0270",158.153848948741,748.049438654763,1383773.92766677
"FT1010","FT1010",540.810015576264,410.244612215603,9116522.75550375
"FT1181","FT1181",721.502838540016,694.938306867158,3346280.7804654
"FT0381","FT0381",197.01030289004,592.378756661754,3290942.36889646
"FT1064","FT1064",573.151958101537,130.739574147933,1359016.05941923
"FT0812","FT0812",394.352909321494,643.516812270881,1354897.4417271
"FT0713","FT0713",341.229937587272,605.743744868242,5249637.16081565
"FT0591","FT0591",286.673746239414,209.731252071419,14447727.0079296
"FT1047","FT1047",562.160984438681,130.867902967622,4950316.21828622
"FT0734","FT0734",352.726198193727,321.656438516501,4931010.48882282
"FT0406","FT0406",207.639131468105,214.741901155995,13842273.7230188
"FT0417","FT0417",214.928444746534,768.754193930578,1219398.10514069
"FT0286","FT0286",163.987523437714,593.940370882777,7853554.80871341
"FT0044","FT0044",79.07536476227,445.181501002942,4599594.46783599
"FT0464","FT0464",234.646985827452,226.734795067807,2802900.51255648
"FT0638","FT0638",309.148187085749,179.643045726123,4523610.86266687
"FT0714","FT0714",341.218256321523,274.068117646679,13008129.1518873
"FT0882","FT0882",442.301046763796,692.804490513827,1135683.50804259
"FT1169","FT1169",678.831551783143,461.074678555324,2705789.06490189
"FT1076","FT1076",579.291833669282,297.662815468326,4361181.0990073
"FT1005","FT1005",537.311169581669,465.147491774308,2698720.95223866
"FT0211","FT0211",139.086537060494,220.801209716567,12312111.5388237
"FT0311","FT0311",171.008526833102,130.21397071347,737796.307578053
"FT1137","FT1137",635.628299092643,169.837676739922,731698.899299758
"FT0501","FT0501",248.05868803758,171.744705711144,715812.732626432
"FT0438","FT0438",224.128087569989,836.166275328654,2472146.52474595
"FT0703","FT0703",338.714380339374,399.494199041718,1572052.92311965
"FT1041","FT1041",559.381984332271,644.465444903624,1026869.45556189
"FT0176","FT0176",127.979303701794,788.545128324178,3900474.87157796
"FT0116","FT0116",110.070675591611,196.921332051525,1520999.64037043
"FT1021","FT1021",550.306812856423,165.450906706315,1487419.58333231
"FT0970","FT0970",501.267926486415,402.853852365276,139867048.586878
"FT0063","FT0063",87.1068841852309,672.59827879876,1457587.49400597
"FT0375","FT0375",195.112781313237,232.669794892289,10254130.6318622
"FT1189","FT1189",736.521765286539,677.573546695091,3593774.89906231
"FT0313","FT0313",171.137812294998,523.338815042228,2190882.15315286
"FT0039","FT0039",75.0634356829281,808.443935728379,622685.597832959
"FT0472","FT0472",236.990449710427,787.260807657356,3429436.13246836
"FT0404","FT0404",206.166437445118,605.438980109275,5626824.74095052
"FT0846","FT0846",421.352517253961,643.451705486948,1350197.88735277
"FT0984","FT0984",517.371659817494,634.466989077553,2078713.92912227
"FT0555","FT0555",268.299869136689,614.044328426577,1330291.70372815
"FT0766","FT0766",367.169571010989,195.992168203508,835197.73220851
"FT0272","FT0272",159.076269248327,42.6525012095131,53626115.7478822
"FT0865","FT0865",432.217597863108,179.012454525089,4921700.01073772
"FT0546","FT0546",266.147889907247,65.2675571308182,26165207.1983515
"FT0790","FT0790",382.674930624609,74.7503804647076,1166103.71751253
"FT0471","FT0471",236.11361260388,566.082494867026,1126694.42056587
"FT0956","FT0956",488.744254667636,372.787489679027,1121582.19426971
"FT0006","FT0006",57.0532030829391,814.151800753761,500672.40874579
"FT1192","FT1192",744.487601007668,695.377246671103,1673737.76927293
"FT0397","FT0397",203.016171698123,17.4473148484314,1671613.24559246
"FT0968","FT0968",500.261627093034,330.224270774884,2621684.00652972
"FT0849","FT0849",425.287592273252,576.412172302297,1057003.0591566
"FT1113","FT1113",617.655327577031,169.521093628625,673793.205305684
"FT0653","FT0653",316.141561249176,191.627247257419,6762593.01979726
"FT0634","FT0634",306.15599366377,192.56845337048,2432805.12065916
"FT1116","FT1116",619.290802819239,336.958506392132,6670608.59269303
"FT0651","FT0651",314.680181333946,405.000277536965,1511338.68181929
"FT0733","FT0733",352.090727795679,574.466672239965,1510456.32154618
"FT0523","FT0523",258.095748325058,565.456305593435,645660.658453187
"FT0934","FT0934",469.772828118259,374.943113768615,2281390.27739621
"FT0059","FT0059",87.0540111747924,674.935870294058,893422.535871219
"FT0795","FT0795",384.565249205284,188.256737046114,5737153.97875765
"FT1078","FT1078",580.338413470532,437.98351438373,1316450.95825649
"FT0590","FT0590",286.176057768536,115.660646584405,9777121.70930039
"FT1097","FT1097",609.299777618918,192.881616596224,844998.820537753
"FT0547","FT0547",266.80468216816,173.962103050071,803363.867082105
"FT0861","FT0861",431.155240715142,637.698733227794,1215305.31320099
"FT0665","FT0665",321.240091375782,623.784028571542,5164492.90900083
"FT0704","FT0704",338.846893120947,281.666696649677,127238437.681018
"FT0136","FT0136",116.985863913411,764.969949447695,667275018.514535
"FT0385","FT0385",198.984831455005,17.4473148484314,1788040.99754163
"FT0544","FT0544",265.177496487166,579.548588876115,2876404.40513271
"FT0252","FT0252",153.127267224316,489.63278397186,1135286.23190004
"FT1186","FT1186",732.555032117046,676.840807355641,2754380.50269308
"FT1184","FT1184",729.75033493709,506.00343285668,7694701.60508957
"FT0854","FT0854",428.306527944748,645.352898245122,1059397.50830608
"FT0869","FT0869",433.883056335862,279.042767687629,7668955.31304022
"FT0576","FT0576",277.656041833665,106.657492517769,1637781.6220615
"FT1135","FT1135",631.276943818287,191.985233203716,1618260.59205703
"FT0863","FT0863",431.218772823729,387.593898401891,4333022.41778185
"FT0906","FT0906",455.313213463875,701.286522026792,997462.545980732
"FT0673","FT0673",326.155176714383,160.249426707352,989669.741227402
"FT1070","FT1070",576.803936412844,276.406898672817,23266843.8865682
"FT0410","FT0410",211.169158814391,554.854296610639,2396915.46778325
"FT0031","FT0031",70.0647281212163,411.909491471664,6838665.53872412
"FT0840","FT0840",418.204493900455,336.175194694933,3876564.57466812
"FT0315","FT0315",171.991485433021,32.9736497678668,6453174.72720267
"FT0929","FT0929",467.226764370052,444.873980998852,1412963.65913557
"FT0346","FT0346",182.985095902275,187.74488815029,3686613.18863278
"FT0671","FT0671",325.271399661798,657.705564069361,2191985.62226298
"FT0825","FT0825",408.708904363039,174.593567407548,579035.594378559
"FT0844","FT0844",420.318758437815,693.389733277057,872715.406829903
"FT1052","FT1052",564.507398153372,689.58306547428,3514513.77454621
"FT0688","FT0688",332.124082418684,299.795490439931,1322944.95986766
"FT0997","FT0997",526.431933803639,643.580121935205,1275986.89363808
"FT0955","FT0955",488.364337776604,642.990402499012,1263368.24620694
"FT0986","FT0986",519.139378288824,663.11098031181,362252.988228898
"FT0090","FT0090",101.023326928361,70.1237586149964,9836574.15102674
"FT0231","FT0231",148.002000145264,779.024748951915,1221792.49816286
"FT1162","FT1162",667.331397376403,396.106563372143,9709839.23919572
"FT0170","FT0170",125.986188932249,157.764625531386,9037386.07210819
"FT0711","FT0711",339.704349174345,374.327449858115,1136748.35245807
"FT0694","FT0694",335.165205988837,638.568091522528,5058875.09027255
"FT0691","FT0691",333.176839299859,148.453595790463,2970789.19148957
"FT1104","FT1104",613.335051409349,447.960828909897,1761613.26297411
"FT0440","FT0440",224.631450291187,263.139637449469,1729347.4012378
"FT0763","FT0763",366.132979954369,122.55861743197,1721464.93458654
"FT1157","FT1157",662.476897496673,760.308738527237,8427069.27457228
"FT0433","FT0433",221.04194255229,147.694467596251,463428.937325633
"FT0593","FT0593",287.492447188497,187.850408389691,690170.980842002
"FT0686","FT0686",331.186920673287,268.430858401498,1680425.82668051
"FT0459","FT0459",231.969471766007,785.904485591274,4671455.59314666
"FT1034","FT1034",556.695470075929,338.1896487436,4653572.39874709
"FT0992","FT0992",524.255546316711,308.731055941156,4627447.82959569
"FT0901","FT0901",451.361538060227,676.98730208862,4621774.53900558
"FT1159","FT1159",666.418680009227,455.764361522686,1649758.38044797
"FT0358","FT0358",187.007935642478,17.609200740967,2664167.54021815
"FT1039","FT1039",559.132073886412,640.931998924269,4446964.47820546
"FT1143","FT1143",641.369556950742,367.383433189089,1583854.25888725
"FT0210","FT0210",138.990758935092,32.6652353965261,13934612.7301161
"FT0290","FT0290",164.984370850112,400.263066043215,52632447.7041866
"FT0962","FT0962",494.173016424497,632.728906742607,1466958.01499484
"FT0411","FT0411",211.107654100892,207.031348979758,7081088.82593061
"FT0515","FT0515",252.636816394085,99.1442186105538,105258544.402665
"FT0620","FT0620",298.096747450963,249.294555285192,48151121.5692288
"FT0980","FT0980",512.258229581917,403.462208498211,47938129.3759917
"FT1171","FT1171",685.436806562127,664.424225599227,2260889.67594251
"FT0664","FT0664",321.188188979115,367.230748809739,1379087.6753087
"FT0503","FT0503",249.167482830188,184.999485779429,3600663.00508142
"FT0177","FT0177",128.042252630926,210.041505083383,2135583.11722468
"FT1014","FT1014",546.206111931731,338.491426243873,5783257.12588556
"FT0669","FT0669",324.699023283705,373.558075880177,1208100.80390165
"FT0426","FT0426",218.790428118079,160.860599533078,19829550.6700531
"FT0649","FT0649",313.697026492903,277.182514338012,10001329.0142018
"FT0218","FT0218",142.949334196357,764.678770216874,5454747.29077116
"FT0676","FT0676",328.139298391584,184.051570148111,1799779.76441438
"FT0183","FT0183",130.1589846996,270.61122778896,3008593.14645037
"FT0868","FT0868",433.770678522836,426.991525136238,1096161.71873955
"FT0008","FT0008",57.0702514120454,558.240846966269,2879390.9579908
"FT0904","FT0904",452.736964504333,301.645007288221,2859621.95489389
"FT0851","FT0851",427.255104612798,274.690127534069,1699666.72857381
"FT0081","FT0081",97.1011670014776,756.810964018298,1038972.82310227
"FT0362","FT0362",189.037258284123,399.494199041718,8651544.68202972
"FT0077","FT0077",94.9552405555418,776.65715223991,649361.097623156
"FT0143","FT0143",118.065130770908,404.071939326364,4602992.86155367
"FT0007","FT0007",57.0702449670758,672.890444628004,965922.106955888
"FT0772","FT0772",371.708221475753,270.141269599981,4450189.56736033
"FT0301","FT0301",168.026570983707,71.1614682740758,958902.498942033
"FT1145","FT1145",642.825234179485,290.436720168401,1480228.55926204
"FT0680","FT0680",328.684515544199,164.217936158507,59888603.3858839
"FT1030","FT1030",554.318386448013,420.256712146414,28093706.1231556
"FT0504","FT0504",249.123457525464,281.204221900123,4168134.604369
"FT1163","FT1163",667.844844131581,464.520661984411,4151211.0670103
"FT0223","FT0223",143.996812966476,32.6652353965261,13821513.8479526
"FT0619","FT0619",298.128629513422,170.95008749228,375094.494075246
"FT0229","FT0229",147.028842217985,58.3204488934927,308635670.754148
"FT0577","FT0577",279.168200733931,366.015782490109,7079051.15449946
"FT0777","FT0777",374.689983932809,142.699112813474,55339721.1080336
"FT0829","FT0829",411.260061377558,284.888187625263,2248381.96345949
"FT0101","FT0101",103.101228053105,675.076675521728,343050.278704974
"FT0516","FT0516",253.140975927653,572.028575344929,3576134.03413855
"FT0296","FT0296",166.986310277618,32.3718716681749,11647146.5849879
"FT0165","FT0165",124.058505096195,50.2021064357154,46680304.6037521
"FT0017","FT0017",62.0603094127712,41.7483639295743,6012629.46024202
"FT1106","FT1106",614.313714087322,389.060689276386,5989853.84831474
"FT0328","FT0328",176.037540663889,75.967452100651,240527422.376983
"FT0502","FT0502",248.159699885064,104.769202178034,10750490.4750489
"FT0370","FT0370",193.034152354697,58.3204488934927,232032946.284782
"FT0418","FT0418",215.016001145246,58.9234293166434,225006466.468635
"FT1190","FT1190",737.077496934835,506.339212172452,5571204.70332146
"FT0318","FT0318",172.992171054647,17.4473148484314,1812334.18751514
"FT0823","FT0823",406.713152965388,285.195301866199,2701562.05125926
"FT1141","FT1141",638.320997482449,363.287530912227,1580606.41361918
"FT0792","FT0792",384.280225116163,645.944555737646,932939.66382805
"FT1045","FT1045",561.397818296947,634.172994154632,1504144.60038564
"FT0560","FT0560",270.673157399268,363.394945215511,1465485.01181456
"FT0004","FT0004",56.0579331101098,667.924853126064,366433.779111123
"FT0867","FT0867",433.331192460866,701.286522026792,857450.208685349
"FT1123","FT1123",624.246274668785,434.826505626018,856533.775741783
"FT1083","FT1083",588.410436692044,752.722583533823,4044807.34162787
"FT0025","FT0025",69.0700239798505,231.109548673097,7308817.35188975
"FT0822","FT0822",406.329364339912,667.34138242457,7148803.9395238
"FT0085","FT0085",98.9841412477187,43.8564729303896,140032343.193671
"FT0042","FT0042",76.0393193378245,44.4582003207215,6833264.55205547
"FT0556","FT0556",268.480712296742,164.217936158507,2089214.15452591
"FT0667","FT0667",324.197347853032,373.404092710826,3648659.86920725
"FT0561","FT0561",271.115026242001,404.642741062868,2015191.23186993
"FT0305","FT0305",169.097102546254,262.518303639103,6246838.35623875
"FT0267","FT0267",157.974050551728,18.7474097019983,3327124.82507802
"FT0249","FT0249",151.970638344032,785.60394460646,1907141.42250634
"FT1073","FT1073",577.519375619925,736.657835316739,1791064.37492647
"FT0086","FT0086",98.9841474651199,496.269484096948,3108647.64134539
"FT0654","FT0654",316.643280472714,191.627247257419,3081779.53389675
"FT1170","FT1170",679.334036123604,461.387527986746,1693605.12003636
"FT0435","FT0435",222.063226761779,101.657048283895,1669288.5094388
"FT0800","FT0800",385.503379283924,425.148343477212,2885281.42275414
"FT0509","FT0509",249.184562739565,575.159408040899,5170500.14589441
"FT0946","FT0946",480.763627673399,434.197664428771,9770804.36652786
"FT1063","FT1063",572.774452697391,425.148343477212,2787369.39730581
"FT0415","FT0415",213.128243612792,228.931575686566,9487076.89615702
"FT0347","FT0347",183.529369840524,197.437211332937,364721.60470292
"FT0450","FT0450",228.156649927031,118.457925058551,8799426.27857012
"FT0594","FT0594",287.630917990721,465.460535498219,2570778.57939698
"FT0871","FT0871",434.723341693815,346.10530764486,2512819.94995931
"FT0403","FT0403",205.097054806243,231.419213159817,533147924.567069
"FT1167","FT1167",676.492585717693,657.998267493547,4273688.08578345
"FT0585","FT0585",282.094696972329,377.733868991964,1263422.25837422
"FT0622","FT0622",298.500054700071,213.642470888964,1262587.96322914
"FT1182","FT1182",722.505094959549,698.07133982701,1225371.57002858
"FT1155","FT1155",661.999946183967,389.859366011307,29358428.1729722
"FT0444","FT0444",227.175320857937,748.487376745034,6996820.30689226
"FT1001","FT1001",529.262027518751,288.264956392549,2061309.35331037
"FT0922","FT0922",463.131010599876,622.274670098215,3607586.14376786
"FT1049","FT1049",562.785438837695,425.148343477212,12257102.634217
"FT0950","FT0950",484.290094358187,401.335072040453,1071638.69947364
"FT0118","FT0118",111.044107650543,128.383101181188,5858893.31318148
"FT0679","FT0679",328.666089703768,286.42136311547,2950311.01786814
"FT0690","FT0690",332.696396393796,366.926130674723,1445693.57925795
"FT0414","FT0414",213.000452861914,772.831258367432,836039.528917158
"FT0462","FT0462",234.097058464423,162.079520646529,1356775.02202633
"FT0967","FT0967",499.760435732517,330.52654922779,38746361.6227925
"FT0363","FT0363",189.0714709676,139.67445738977,16957644.9588584
"FT0322","FT0322",173.984714322722,581.740112342682,37317231.5429844
"FT0456","FT0456",229.92723739343,786.95958897907,1287068.10345741
"FT0457","FT0457",231.011158493558,786.25782907329,1242044.63810749
"FT0117","FT0117",111.023296025359,803.224883529888,15361409.2987638
"FT0610","FT0610",295.188103864133,603.277164609935,2098412.06017474
"FT0258","FT0258",155.081425504601,251.83940607246,3677489.53255908
"FT0240","FT0240",149.059607327246,442.695337777407,31665866.2062635
"FT0084","FT0084",98.9841551572403,284.278101209292,1982776.74096393
"FT1160","FT1160",666.663348872852,396.106563372143,13889385.3511872
"FT0672","FT0672",325.541048751226,94.8214687406313,1904581.53704849
"FT1062","FT1062",571.816808554403,458.88636551514,1031931.61719948
"FT1134","FT1134",630.652255656002,169.521093628625,611054.727785548
"FT0083","FT0083",98.9841424006442,374.247459805109,1714752.95623653
"FT0899","FT0899",450.714893748872,410.549513296421,5707735.09778382
"FT0167","FT0167",125.042400979071,55.3120228396246,57885816.6120591
"FT0889","FT0889",445.241115019703,518.61055796742,2919200.62934078
"FT1004","FT1004",537.100196389427,230.179938416007,5522858.94537918
"FT0657","FT0657",317.49465707702,131.078185184147,10473609.497151
"FT1126","FT1126",625.640306179262,169.521093628625,513788.748603778
"FT1007","FT1007",537.633119830864,70.4606362630471,1382576.83554369
"FT0041","FT0041",76.0474411914141,664.861383297199,1336023.44624365
"FT0567","FT0567",273.094472508692,296.070605650461,469389.647752426
"FT1028","FT1028",554.176378726373,640.049984105593,2400061.4048252
"FT0534","FT0534",261.66090636605,125.737318236797,2367361.14371906
"FT0788","FT0788",380.72595608274,722.636258104611,2328869.80883493
"FT0642","FT0642",310.650666521503,343.400723671749,3949500.50489554
"FT0205","FT0205",136.073599549959,766.716417770168,7795658.62773152
"FT0873","FT0873",438.379213897743,643.875284786812,1107692.59921954
"FT0974","FT0974",505.588123115205,342.457891466355,15679803.9802296
"FT0926","FT0926",465.378922676902,643.285048616887,1097121.81379009
"FT0856","FT0856",428.885127642335,291.060990329519,15329557.4353831
"FT1179","FT1179",706.530266104376,722.636258104611,3608495.9074378
"FT0355","FT0355",185.114660997408,765.261113147888,15186508.3845212
"FT0789","FT0789",380.848109714183,425.0156433726,1871665.82017061
"FT0139","FT0139",117.054668449195,208.799133081071,14624681.8746588
"FT0518","FT0518",254.132450656086,197.540133674581,1035339.56157786
"FT0033","FT0033",70.065241930678,45.2458864886147,80325223.2262714
"FT0468","FT0468",235.107680361914,254.9945447218,14103191.412112
"FT0333","FT0333",178.96343776896,783.500958857511,6318847.36584903
"FT0479","FT0479",240.631604354056,230.179938416007,5963031.98933416
"FT0339","FT0339",181.001787908331,32.3558559469942,11937401.3834342
"FT0961","FT0961",492.764125218301,437.98351438373,5639373.80713342
"FT0587","FT0587",283.175151694667,584.56178633689,2623232.87388302
"FT0804","FT0804",387.236015462089,689.290461556115,2543601.60501637
"FT0574","FT0574",277.154644242811,316.753850921253,54600020.5563855
"FT0525","FT0525",259.646621864543,232.355496231459,2455778.41073088
"FT1107","FT1107",614.326227176618,453.733967594809,1247665.92186391
"FT0712","FT0712",340.259521498529,747.465236820491,1209688.11300919
"FT0399","FT0399",204.007879510097,783.500958857511,1203793.16700855
"FT0160","FT0160",122.026848377997,43.2547383800799,127176893.950142
"FT0175","FT0175",127.073199453439,764.678770216874,4251460.62340095
"FT0989","FT0989",521.456594940014,705.965273165819,1174861.46696711
"FT0228","FT0228",146.974354447401,787.260807657356,1171194.6318345
"FT0748","FT0748",360.323695483959,700.117117036803,19120125.6248297
"FT0728","FT0728",351.041088507854,111.28145719437,8489023.47750008
"FT0565","FT0565",272.185535826115,500.653966616701,3740680.55046509
"FT0769","FT0769",370.210393419485,396.723657533055,1913501.89085194
"FT0103","FT0103",103.07534325636,111.907242268913,16283805.6797127
"FT0142","FT0142",117.989280009835,32.9736497678668,7343677.60510134
"FT0759","FT0759",365.232633582172,681.091647634855,3563367.7100719
"FT0499","FT0499",246.94369972659,764.095965450604,983091.319428786
"FT1147","FT1147",648.460940621394,744.835968364653,1782708.55587597
"FT0508","FT0508",249.180639628165,84.4888707946066,15065377.8994306
"FT0219","FT0219",142.960706181803,18.0956114423929,3195105.55700399
"FT0644","FT0644",311.141683207665,240.214733431837,1661183.22242604
"FT0076","FT0076",93.0545501158483,756.519311332722,6106044.80812925
"FT0035","FT0035",73.0841283682067,51.7017854877516,82067756.5956024
"FT0445","FT0445",227.126276219832,232.985088922343,13263994.3607425
"FT0427","FT0427",219.047308784076,447.651205362014,1474106.45863937
"FT0745","FT0745",357.723041184339,657.851915781454,2810354.39434714
"FT0194","FT0194",133.060684900173,358.348409578636,5585780.87697261
"FT0030","FT0030",70.0652654891046,717.95706611341,2625360.70502685
"FT1128","FT1128",626.839089532861,314.300168569165,1379564.48163067
"FT0580","FT0580",279.648461448215,233.615146748366,1350215.44178993
"FT1136","FT1136",634.445394442726,727.603280465986,2544092.54912303
"FT0057","FT0057",85.0647949224458,110.019594254367,2537108.64128654
"FT0781","FT0781",378.321775569938,646.536416612811,1250670.2198298
"FT1168","FT1168",677.495584155085,657.443958652769,2342107.82107993
"FT0979","FT0979",510.751574770517,330.52654922779,2308999.67187876
"FT0996","FT0996",526.34300261208,245.539101349201,2201703.37707586
"FT0220","FT0220",143.106618040282,440.655088434999,2187027.52155811
"FT0320","FT0320",173.078265808881,766.716417770168,4375558.32643998
"FT0848","FT0848",425.275736806707,358.348578736931,4347503.6361242
"FT0964","FT0964",495.441081698091,672.014151238796,1116015.99980147
"FT0821","FT0821",405.710772419686,286.727814499933,20685165.9709252
"FT0896","FT0896",447.198028666414,281.512420387283,1088662.7840041
"FT0091","FT0091",101.023350655471,178.854621642434,2037998.67857682
"FT0366","FT0366",190.98742275328,803.837509882332,4031161.09873745
"FT0365","FT0365",190.053129791814,174.657447857165,3898563.2586454
"FT0685","FT0685",331.208904773554,434.197664428771,1035383.34721923
"FT0369","FT0369",192.990578416857,130.424721345787,312474.624527269
"FT1019","FT1019",549.295024593024,369.381563826064,3437888.00807093
"FT0557","FT0557",269.103925442772,630.634608652658,3427689.53594452
"FT0736","FT0736",353.227710424788,321.808144667779,1670500.0379461
"FT0368","FT0368",192.082166662781,145.162976765774,3269301.03822859
"FT0683","FT0683",329.687731751576,163.604734196068,870801.280278772
"FT0390","FT0390",201.006402267334,599.782421737864,1495186.68742145
"FT0107","FT0107",104.106886334657,670.553032861368,454987.604469108
